time,FourEBP1pT37_46,AktpS473_obs,AktpT308_obs,ErkpT202_Y204,IRS1pS636_639_obs,PRAS40pS183_obs,PRAS40pT246_obs,S6KpT229_obs,S6KpT389_obs,TSC2pT1462_obs,p38pT180Y182_obs,FourEBP1pT37_46_indep,AktpS473_indep,AktpT308_indep,ErkpT202_Y204_indep,IRS1pS636_639_indep,PRAS40pS183_indep,PRAS40pT246_indep,S6KpT229_indep,S6KpT389_indep,TSC2pT1462_indep,p38pT180Y182_indep,Insulin_indep
0,0.556931264,0.406622062,0.47229663299999997,0.604147827,0.251096855,0.425151251,0.5591841439999999,0.267099433,0.115078506,0.702480896,2.006628894,0.556931264,0.406622062,0.47229663299999997,0.604147827,0.251096855,0.425151251,0.5591841439999999,0.267099433,0.115078506,0.702480896,2.006628894,1.0
15,1.007795056,0.7718233170000001,0.697007255,1.636809804,0.318864457,1.0757974479999999,0.901946905,0.445551005,0.185707445,0.751070895,1.6212869680000002,0.556931264,0.406622062,0.47229663299999997,0.604147827,0.251096855,0.425151251,0.5591841439999999,0.267099433,0.115078506,0.702480896,2.006628894,1.0
30,1.0851439040000002,0.645721993,0.643060228,0.9854590520000001,0.8083076290000001,1.047716216,1.0970653940000001,0.581297331,0.273239368,0.746195343,1.6833721519999998,0.556931264,0.406622062,0.47229663299999997,0.604147827,0.251096855,0.425151251,0.5591841439999999,0.267099433,0.115078506,0.702480896,2.006628894,1.0
60,1.204996929,0.7108204920000001,0.7939285209999999,0.732188035,0.934313037,1.102090775,1.042203939,0.507287585,0.293790288,0.757245857,1.227365058,0.556931264,0.406622062,0.47229663299999997,0.604147827,0.251096855,0.425151251,0.5591841439999999,0.267099433,0.115078506,0.702480896,2.006628894,1.0
90,1.1365248940000001,0.774591348,0.723266083,0.739354772,1.068987952,1.438772027,1.35004815,0.6611565229999999,0.28040011600000003,0.7859118209999999,1.82620454,0.556931264,0.406622062,0.47229663299999997,0.604147827,0.251096855,0.425151251,0.5591841439999999,0.267099433,0.115078506,0.702480896,2.006628894,1.0
120,1.284406797,0.904077494,0.797626292,0.927194098,1.080331093,1.906648981,1.551497074,0.7408262240000001,0.340806114,1.014183373,3.503349782,0.556931264,0.406622062,0.47229663299999997,0.604147827,0.251096855,0.425151251,0.5591841439999999,0.267099433,0.115078506,0.702480896,2.006628894,1.0
