time,FourEBP1pT37_46,AktpS473_obs,ErkpT202_Y204,IRS1pS636_639_obs,PRAS40pS183_obs,PRAS40pT246_obs,S6KpT229_obs,S6KpT389_obs,TSC2pT1462_obs,p38pT180Y182_obs,FourEBP1pT37_46_indep,AktpS473_indep,ErkpT202_Y204_indep,IRS1pS636_639_indep,PRAS40pS183_indep,PRAS40pT246_indep,S6KpT229_indep,S6KpT389_indep,TSC2pT1462_indep,p38pT180Y182_indep,Insulin_indep
0,0.75876811,0.027908867,0.418514027,0.137363603,0.339828863,0.223518414,0.070591013,0.11454029,0.27446693699999997,0.85326637,0.75876811,0.027908867,0.418514027,0.137363603,0.339828863,0.223518414,0.070591013,0.11454029,0.27446693699999997,0.85326637,1.0
15,1.014217422,0.345362501,1.077195347,0.156039266,0.5137753979999999,0.581479078,0.08971027300000001,0.173039897,0.529255953,1.9831766309999999,0.75876811,0.027908867,0.418514027,0.137363603,0.339828863,0.223518414,0.070591013,0.11454029,0.27446693699999997,0.85326637,1.0
30,2.346165292,0.813413257,1.417586068,0.28169632,1.204312578,1.11201043,0.219433762,0.349326297,0.718362362,3.416109079,0.75876811,0.027908867,0.418514027,0.137363603,0.339828863,0.223518414,0.070591013,0.11454029,0.27446693699999997,0.85326637,1.0
60,2.372094942,0.355140899,0.515269658,0.278355482,1.220771935,1.140403728,0.31852312899999996,0.5468624529999999,0.702743234,0.72576179,0.75876811,0.027908867,0.418514027,0.137363603,0.339828863,0.223518414,0.070591013,0.11454029,0.27446693699999997,0.85326637,1.0
90,1.569601084,0.296200611,0.5109801589999999,0.192028267,0.979616013,1.083186057,0.314959779,0.6678049429999999,0.739890536,0.582706696,0.75876811,0.027908867,0.418514027,0.137363603,0.339828863,0.223518414,0.070591013,0.11454029,0.27446693699999997,0.85326637,1.0
120,1.7024911619999998,0.21448657100000001,0.48341006200000003,0.250008444,1.088673572,0.995861408,0.28854173699999996,0.656824988,0.566159614,0.558766192,0.75876811,0.027908867,0.418514027,0.137363603,0.339828863,0.223518414,0.070591013,0.11454029,0.27446693699999997,0.85326637,1.0
