time,FourEBP1pT37_46,AktpS473_obs,AktpT308_obs,ErkpT202_Y204,IRS1pS636_639_obs,PRAS40pS183_obs,PRAS40pT246_obs,S6KpT229_obs,S6KpT389_obs,TSC2pT1462_obs,p38pT180Y182_obs,FourEBP1pT37_46_indep,AktpS473_indep,AktpT308_indep,ErkpT202_Y204_indep,IRS1pS636_639_indep,PRAS40pS183_indep,PRAS40pT246_indep,S6KpT229_indep,S6KpT389_indep,TSC2pT1462_indep,p38pT180Y182_indep,Insulin_indep
0,0.747865584,0.426763599,0.566628849,0.115089014,0.555718115,0.626351113,0.302849512,0.328892977,0.10532636199999999,0.517540931,0.7396512140000001,0.747865584,0.426763599,0.566628849,0.115089014,0.555718115,0.626351113,0.302849512,0.328892977,0.10532636199999999,0.517540931,0.7396512140000001,1.0
15,0.9708725140000001,0.994000112,1.0,1.0,0.776788613,1.0,1.0,0.618854884,0.435721391,1.0,1.0,0.747865584,0.426763599,0.566628849,0.115089014,0.555718115,0.626351113,0.302849512,0.328892977,0.10532636199999999,0.517540931,0.7396512140000001,1.0
30,0.991933375,0.976814975,0.9560417859999999,0.424461496,0.7533704170000001,0.950285534,0.916479213,0.7595232140000001,0.8832031509999999,0.8881483290000001,0.8531078000000001,0.747865584,0.426763599,0.566628849,0.115089014,0.555718115,0.626351113,0.302849512,0.328892977,0.10532636199999999,0.517540931,0.7396512140000001,1.0
60,1.0,0.9348075159999999,0.9212731670000001,0.393933646,0.589868654,0.8940405659999999,0.9264156020000001,1.0,0.9945729320000001,0.712606925,0.536743017,0.747865584,0.426763599,0.566628849,0.115089014,0.555718115,0.626351113,0.302849512,0.328892977,0.10532636199999999,0.517540931,0.7396512140000001,1.0
90,0.923931013,0.8518918320000001,0.7191633059999999,0.283762993,0.760572502,0.790685755,0.8188937479999999,0.664081707,0.888380528,0.504768778,0.473644523,0.747865584,0.426763599,0.566628849,0.115089014,0.555718115,0.626351113,0.302849512,0.328892977,0.10532636199999999,0.517540931,0.7396512140000001,1.0
120,0.872054555,1.0,0.842356227,0.301514706,1.0,0.9560866840000001,0.951060005,0.78975505,1.0,0.533004756,0.452591419,0.747865584,0.426763599,0.566628849,0.115089014,0.555718115,0.626351113,0.302849512,0.328892977,0.10532636199999999,0.517540931,0.7396512140000001,1.0
