time,FourEBP1pT37_46,AktpS473_obs,AktpT308_obs,ErkpT202_Y204,IRS1pS636_639_obs,PRAS40pS183_obs,PRAS40pT246_obs,S6KpT229_obs,S6KpT389_obs,TSC2pT1462_obs,p38pT180Y182_obs,FourEBP1pT37_46_indep,AktpS473_indep,AktpT308_indep,ErkpT202_Y204_indep,IRS1pS636_639_indep,PRAS40pS183_indep,PRAS40pT246_indep,S6KpT229_indep,S6KpT389_indep,TSC2pT1462_indep,p38pT180Y182_indep,Insulin_indep
0,0.18343654199999998,0.450514791,0.562101421,0.144150213,0.302391055,0.384091323,0.39255472399999997,0.395760674,0.187330833,0.7098128,0.891220006,0.18343654199999998,0.450514791,0.562101421,0.144150213,0.302391055,0.384091323,0.39255472399999997,0.395760674,0.187330833,0.7098128,0.891220006,1.0
15,0.87218084,0.8656445490000001,0.859015981,1.0,0.575993561,0.822489522,0.940835805,0.63722278,0.422670462,0.8483707909999999,1.0,0.18343654199999998,0.450514791,0.562101421,0.144150213,0.302391055,0.384091323,0.39255472399999997,0.395760674,0.187330833,0.7098128,0.891220006,1.0
30,1.0,0.9222174940000001,0.957172059,0.444692185,0.886817711,1.0,1.0,0.84157336,0.7749468429999999,0.973755713,0.94781191,0.18343654199999998,0.450514791,0.562101421,0.144150213,0.302391055,0.384091323,0.39255472399999997,0.395760674,0.187330833,0.7098128,0.891220006,1.0
60,0.9416857820000001,1.0,1.0,0.418337969,1.0,0.884960799,0.99738101,0.9798405109999999,0.918430792,0.93764155,0.974437763,0.18343654199999998,0.450514791,0.562101421,0.144150213,0.302391055,0.384091323,0.39255472399999997,0.395760674,0.187330833,0.7098128,0.891220006,1.0
90,0.85132991,0.905177902,0.902131424,0.35650222200000004,0.873459852,0.911913003,0.96797259,0.9817666290000001,1.0,1.0,0.876387707,0.18343654199999998,0.450514791,0.562101421,0.144150213,0.302391055,0.384091323,0.39255472399999997,0.395760674,0.187330833,0.7098128,0.891220006,1.0
120,0.7261067959999999,0.753905477,0.839054975,0.315844937,0.89614634,0.8143185829999999,0.835571856,1.0,0.9309507229999999,0.843263804,0.450726933,0.18343654199999998,0.450514791,0.562101421,0.144150213,0.302391055,0.384091323,0.39255472399999997,0.395760674,0.187330833,0.7098128,0.891220006,1.0
