time,FourEBP1pT37_46,AktpS473_obs,AktpT308_obs,ErkpT202_Y204,IRS1pS636_639_obs,PRAS40pS183_obs,PRAS40pT246_obs,S6KpT229_obs,S6KpT389_obs,TSC2pT1462_obs,FourEBP1pT37_46_indep,AktpS473_indep,AktpT308_indep,ErkpT202_Y204_indep,IRS1pS636_639_indep,PRAS40pS183_indep,PRAS40pT246_indep,S6KpT229_indep,S6KpT389_indep,TSC2pT1462_indep,Insulin_indep
0,0.64515159,0.658200741,0.08822388,0.125430378,0.128129421,0.41332235,0.152077499,0.020996214,0.020996214,0.16819709100000002,0.64515159,0.658200741,0.08822388,0.125430378,0.128129421,0.41332235,0.152077499,0.020996214,0.020996214,0.16819709100000002,1.0
15,2.625950272,0.7942593509999999,0.772325777,0.39572295799999996,0.26407648300000003,0.933529052,0.7615311309999999,0.09707838699999999,0.09707838699999999,0.29281097,0.64515159,0.658200741,0.08822388,0.125430378,0.128129421,0.41332235,0.152077499,0.020996214,0.020996214,0.16819709100000002,1.0
30,3.662277665,0.731341826,0.8341906729999999,0.282553705,0.24810656600000003,0.973682322,1.0020023059999998,0.162658253,0.162658253,0.263083876,0.64515159,0.658200741,0.08822388,0.125430378,0.128129421,0.41332235,0.152077499,0.020996214,0.020996214,0.16819709100000002,1.0
60,3.3023847039999996,0.754465602,0.570268141,0.18770161600000002,0.21761044899999998,0.7984714390000001,0.76710597,0.20594559699999998,0.20594559699999998,0.27524454,0.64515159,0.658200741,0.08822388,0.125430378,0.128129421,0.41332235,0.152077499,0.020996214,0.020996214,0.16819709100000002,1.0
90,3.249203192,0.661261553,0.620687651,0.189651483,0.266197489,0.747038588,1.253134569,0.18564395600000003,0.18564395600000003,0.320868112,0.64515159,0.658200741,0.08822388,0.125430378,0.128129421,0.41332235,0.152077499,0.020996214,0.020996214,0.16819709100000002,1.0
120,2.876838138,0.9289392540000001,0.48328025799999996,0.185244772,0.191307863,0.999705905,1.247028228,0.134614351,0.134614351,0.36696058,0.64515159,0.658200741,0.08822388,0.125430378,0.128129421,0.41332235,0.152077499,0.020996214,0.020996214,0.16819709100000002,1.0
