time,FourEBP1pT37_46,AktpS473_obs,AktpT308_obs,ErkpT202_Y204,IRS1pS636_639_obs,PRAS40pS183_obs,PRAS40pT246_obs,S6KpT229_obs,S6KpT389_obs,TSC2pT1462_obs,p38pT180Y182_obs,FourEBP1pT37_46_indep,AktpS473_indep,AktpT308_indep,ErkpT202_Y204_indep,IRS1pS636_639_indep,PRAS40pS183_indep,PRAS40pT246_indep,S6KpT229_indep,S6KpT389_indep,TSC2pT1462_indep,p38pT180Y182_indep,Insulin_indep
0,0.8614803,0.609735181,0.78952188,0.650318765,0.333228994,0.6222048689999999,0.859331603,0.143081801,0.229569252,0.756760647,2.492842092,0.8614803,0.609735181,0.78952188,0.650318765,0.333228994,0.6222048689999999,0.859331603,0.143081801,0.229569252,0.756760647,2.492842092,1.0
15,1.7535825440000001,0.959880617,1.5704356780000002,6.391875411,0.6821279179999999,1.0338201120000001,1.058764389,0.24700884899999997,0.257249222,0.8737335070000001,7.4173890039999995,0.8614803,0.609735181,0.78952188,0.650318765,0.333228994,0.6222048689999999,0.859331603,0.143081801,0.229569252,0.756760647,2.492842092,1.0
30,1.639427699,1.038272644,1.731363077,4.024592985,0.784616196,1.090496188,1.0156711840000001,0.283373524,0.25379087899999997,0.847715352,3.2929026789999996,0.8614803,0.609735181,0.78952188,0.650318765,0.333228994,0.6222048689999999,0.859331603,0.143081801,0.229569252,0.756760647,2.492842092,1.0
60,1.5415172730000002,0.967718519,1.420798035,1.4389266719999998,0.45735570200000003,1.1962088709999998,0.942790248,0.247815895,0.252437811,0.8210759940000001,2.3155892369999997,0.8614803,0.609735181,0.78952188,0.650318765,0.333228994,0.6222048689999999,0.859331603,0.143081801,0.229569252,0.756760647,2.492842092,1.0
90,1.52351693,0.969889557,1.273870984,1.307633203,0.5522803470000001,1.171715745,1.027249847,0.260807926,0.267464382,0.8744300420000001,2.274660484,0.8614803,0.609735181,0.78952188,0.650318765,0.333228994,0.6222048689999999,0.859331603,0.143081801,0.229569252,0.756760647,2.492842092,1.0
120,1.611208795,0.954246195,1.056655493,1.3088342259999999,0.41694256399999996,1.226267402,0.957942945,0.263029243,0.263184425,0.842901756,2.100575961,0.8614803,0.609735181,0.78952188,0.650318765,0.333228994,0.6222048689999999,0.859331603,0.143081801,0.229569252,0.756760647,2.492842092,1.0
