time,FourEBP1pT37_46,AktpS473_obs,AktpT308_obs,ErkpT202_Y204,IRS1pS636_639_obs,PRAS40pS183_obs,PRAS40pT246_obs,S6KpT229_obs,S6KpT389_obs,TSC2pT1462_obs,p38pT180Y182_obs,FourEBP1pT37_46_indep,AktpS473_indep,AktpT308_indep,ErkpT202_Y204_indep,IRS1pS636_639_indep,PRAS40pS183_indep,PRAS40pT246_indep,S6KpT229_indep,S6KpT389_indep,TSC2pT1462_indep,p38pT180Y182_indep,Insulin_indep
0,0.668907657,0.726993155,0.78229123,0.324765009,0.241165811,0.720898348,0.741405427,0.049136448,0.101495109,0.764213308,1.475208681,0.668907657,0.726993155,0.78229123,0.324765009,0.241165811,0.720898348,0.741405427,0.049136448,0.101495109,0.764213308,1.475208681,1.0
15,0.9534872240000001,1.4395077509999998,1.4525963219999998,5.762651429,0.353977904,1.114737273,0.999991827,0.17453668600000002,0.16439420400000002,1.305030723,4.8906421710000005,0.668907657,0.726993155,0.78229123,0.324765009,0.241165811,0.720898348,0.741405427,0.049136448,0.101495109,0.764213308,1.475208681,1.0
30,1.04038327,1.677697396,1.622635152,3.7229413310000004,0.423823224,1.1984051820000001,1.0111941709999999,0.252460403,0.29518607199999997,1.206899456,3.6793069189999996,0.668907657,0.726993155,0.78229123,0.324765009,0.241165811,0.720898348,0.741405427,0.049136448,0.101495109,0.764213308,1.475208681,1.0
60,1.078399254,1.670815945,1.654906615,0.8829626829999999,0.282512826,1.2017823140000001,0.9745526859999999,0.25221968699999997,0.251331869,1.0246131509999998,1.5028845530000001,0.668907657,0.726993155,0.78229123,0.324765009,0.241165811,0.720898348,0.741405427,0.049136448,0.101495109,0.764213308,1.475208681,1.0
90,1.221826759,1.735249194,1.731333615,0.751789884,0.357145486,1.187472511,1.037820341,0.16998783,0.22580284399999997,1.083946871,1.284213842,0.668907657,0.726993155,0.78229123,0.324765009,0.241165811,0.720898348,0.741405427,0.049136448,0.101495109,0.764213308,1.475208681,1.0
120,1.0046789090000001,1.48071044,1.4479995159999999,0.647164807,0.39401097,1.0131224490000001,0.85187176,0.177231389,0.20277872100000002,1.490795116,1.0740126909999999,0.668907657,0.726993155,0.78229123,0.324765009,0.241165811,0.720898348,0.741405427,0.049136448,0.101495109,0.764213308,1.475208681,1.0
