time,FourEBP1pT37_46,AktpS473_obs,AktpT308_obs,ErkpT202_Y204,IRS1pS636_639_obs,PRAS40pS183_obs,PRAS40pT246_obs,S6KpT229_obs,S6KpT389_obs,TSC2pT1462_obs,p38pT180Y182_obs,FourEBP1pT37_46_indep,AktpS473_indep,AktpT308_indep,ErkpT202_Y204_indep,IRS1pS636_639_indep,PRAS40pS183_indep,PRAS40pT246_indep,S6KpT229_indep,S6KpT389_indep,TSC2pT1462_indep,p38pT180Y182_indep,Insulin_indep
0,0.53156423,0.41956857,0.495152806,0.39017714200000003,0.16787390300000002,0.640066891,0.38010267299999995,0.317031292,0.308886715,0.461171716,3.6623703869999997,0.53156423,0.41956857,0.495152806,0.39017714200000003,0.16787390300000002,0.640066891,0.38010267299999995,0.317031292,0.308886715,0.461171716,3.6623703869999997,1.0
15,0.9154932570000001,0.979432822,0.9819905520000001,1.356189069,0.29581420399999997,0.89095632,1.275223122,0.23968044600000002,0.3132594,0.619083695,10.64225178,0.53156423,0.41956857,0.495152806,0.39017714200000003,0.16787390300000002,0.640066891,0.38010267299999995,0.317031292,0.308886715,0.461171716,3.6623703869999997,1.0
30,1.550754711,0.873565328,0.850261994,2.021839017,0.319243237,1.107170672,1.213692079,0.358144268,0.438283785,0.6979519390000001,5.054960689,0.53156423,0.41956857,0.495152806,0.39017714200000003,0.16787390300000002,0.640066891,0.38010267299999995,0.317031292,0.308886715,0.461171716,3.6623703869999997,1.0
60,1.49558144,0.814034892,0.731471359,0.525201586,0.322445329,0.9819588579999999,1.104671667,0.346648529,0.441299051,0.661500773,4.087909182,0.53156423,0.41956857,0.495152806,0.39017714200000003,0.16787390300000002,0.640066891,0.38010267299999995,0.317031292,0.308886715,0.461171716,3.6623703869999997,1.0
90,1.26079776,0.7078681809999999,0.6805820370000001,0.39780489399999996,0.227830705,0.874959312,0.831111202,0.284366332,0.356090485,0.591630164,4.41318358,0.53156423,0.41956857,0.495152806,0.39017714200000003,0.16787390300000002,0.640066891,0.38010267299999995,0.317031292,0.308886715,0.461171716,3.6623703869999997,1.0
120,1.185685355,0.637843632,0.6773933520000001,0.30712165399999997,0.24362454600000003,0.772148556,0.650677348,0.251904258,0.271873458,0.578734752,3.417617429,0.53156423,0.41956857,0.495152806,0.39017714200000003,0.16787390300000002,0.640066891,0.38010267299999995,0.317031292,0.308886715,0.461171716,3.6623703869999997,1.0
