time	FourE_BP1_obs	FourE_BP1pT37_46_obs	Akt_obs	AktpS473_obs	AktpT308_obs	Coomassie _obs	ERK_obs	GAPDH_obs	IRS1_obs	IRS1pS636_639_obs	PRAS40_obs	PRAS40pS183_obs	PRAS40pT246_obs	S6K_obs	S6KpT229_obs	S6KpT389_obs	TSC2_obs	TSC2pT1462_obs	Insulin_indep	FourE_BP1_obs_indep	FourE_BP1pT37_46_obs_indep	Akt_obs_indep	AktpS473_obs_indep	AktpT308_obs_indep	Coomassie _obs_indep	ERK_obs_indep	GAPDH_obs_indep	IRS1_obs_indep	IRS1pS636_639_obs_indep	PRAS40_obs_indep	PRAS40pS183_obs_indep	PRAS40pT246_obs_indep	S6K_obs_indep	S6KpT229_obs_indep	S6KpT389_obs_indep	TSC2_obs_indep	TSC2pT1462_obs_indep	Insulin_indep_indep
0	0.579242421244073	0.7868721070589583	1.4711045815897534	0.37151879583270925	0.5015153302084383	1.0	1.2550623831786236	1.4242980511063241	1.822234221454134	1.030294476156974	1.0629712900293555	0.6494652912495323	0.3464055678831842	1.2270631690582545	0.758809533767142	0.2280509211889299	1.1321107128195416	0.5654777820570792	1	0.5792	0.7869	1.4711	0.3715	0.5015	1.0	1.2551	1.4243	1.8222	1.0303	1.063	0.6495	0.3464	1.2271	0.7588	0.2281	1.1321	0.5655	1.0
15	0.7335587826741748	1.0215104394913115	1.3499346457460102	0.8653262039223683	0.8850861213224012	1.0	1.1309850913396355	1.8685375627388634	2.1935234265919323	1.4401564326482779	1.0509750558935689	1.0369029090947715	1.1438207906130549	1.4600649904199565	1.4277987650988524	0.943416850020338	1.1922769657419756	1.09262426933269	1	0.5792	0.7869	1.4711	0.3715	0.5015	1.0	1.2551	1.4243	1.8222	1.0303	1.063	0.6495	0.3464	1.2271	0.7588	0.2281	1.1321	0.5655	1.0
30	0.8390838056659735	1.0436697745770418	1.2693940671421737	0.8503656933760619	0.8461793164189242	1.0	1.085691234939751	1.7622103509260858	1.3766312772810356	1.3967393880637773	1.0578505192402268	0.9853538345792621	1.0482879775100769	1.4455154671075432	1.7523434564970166	1.9122970586557444	1.0463872619083419	0.9704124190586576	1	0.5792	0.7869	1.4711	0.3715	0.5015	1.0	1.2551	1.4243	1.8222	1.0303	1.063	0.6495	0.3464	1.2271	0.7588	0.2281	1.1321	0.5655	1.0
